time,temp,humidity
17:54:42,21.00,19.00
17:54:44,21.00,19.00
17:54:46,21.00,19.00
17:54:48,21.00,19.00
17:54:50,21.00,19.00
17:54:52,20.00,20.00
17:54:54,20.00,20.00
17:54:56,20.00,20.00
17:54:58,20.00,20.00
17:55:00,20.00,20.00
17:55:02,20.00,20.00
17:55:04,20.00,20.00
17:55:06,20.00,20.00
17:55:08,20.00,20.00
17:55:10,20.00,20.00
17:55:12,20.00,20.00
17:55:14,20.00,20.00
17:55:16,20.00,20.00
17:55:18,20.00,20.00
17:55:20,20.00,20.00
17:55:23,20.00,20.00
17:55:25,20.00,20.00
17:55:27,19.00,20.00
17:55:29,19.00,20.00
17:55:31,19.00,20.00
17:55:33,19.00,20.00
17:55:35,19.00,20.00
17:55:37,19.00,20.00
17:55:39,19.00,20.00
17:55:41,19.00,20.00
17:55:43,19.00,20.00
17:55:45,19.00,20.00
17:55:47,19.00,20.00
17:55:49,19.00,20.00
17:55:51,19.00,20.00
17:55:53,19.00,20.00
17:55:55,19.00,20.00
17:55:57,19.00,20.00
17:55:59,19.00,20.00
17:56:01,19.00,20.00
17:56:03,18.00,21.00
17:56:05,18.00,21.00
17:56:07,18.00,21.00
17:56:09,18.00,21.00
17:56:12,18.00,21.00
17:56:14,18.00,21.00
17:56:16,18.00,21.00
17:56:18,18.00,21.00
17:56:20,18.00,21.00
17:56:22,18.00,21.00
17:56:24,18.00,21.00
17:56:26,18.00,21.00
17:56:28,17.00,21.00
17:56:30,17.00,21.00
17:56:32,17.00,21.00
17:56:34,17.00,21.00
17:56:36,17.00,21.00
17:56:38,17.00,21.00
17:56:40,17.00,21.00
17:56:42,17.00,21.00
17:56:44,17.00,21.00
17:56:46,17.00,21.00
17:56:48,17.00,21.00
17:56:50,17.00,21.00
17:56:52,17.00,21.00
17:56:54,17.00,21.00
17:56:56,17.00,21.00
17:56:58,17.00,21.00
17:57:01,17.00,21.00
17:57:03,17.00,21.00
17:57:05,17.00,21.00
17:57:07,17.00,21.00
17:57:09,17.00,21.00
17:57:11,17.00,21.00
17:57:13,17.00,21.00
17:57:15,17.00,21.00
17:57:17,17.00,21.00
17:57:19,17.00,21.00
17:57:21,16.00,22.00
17:57:23,16.00,22.00
17:57:25,16.00,22.00
17:57:27,16.00,22.00
17:57:29,16.00,22.00
17:57:31,16.00,22.00
17:57:33,16.00,22.00
17:57:35,16.00,22.00
17:57:37,16.00,22.00
17:57:39,16.00,22.00
17:57:41,16.00,22.00
17:57:43,16.00,22.00
17:57:45,16.00,22.00
17:57:47,16.00,22.00
17:57:50,16.00,22.00
17:57:52,16.00,22.00
17:57:54,16.00,22.00
17:57:56,16.00,22.00
17:57:58,16.00,22.00
17:58:00,16.00,22.00
17:58:02,16.00,22.00
17:58:04,15.00,22.00
17:58:06,15.00,22.00
17:58:08,15.00,22.00
17:58:10,15.00,22.00
17:58:12,15.00,22.00
17:58:14,15.00,22.00
17:58:16,15.00,22.00
17:58:18,15.00,22.00
17:58:20,15.00,22.00
17:58:22,15.00,22.00
17:58:24,15.00,22.00
17:58:26,15.00,22.00
17:58:28,15.00,22.00
17:58:30,15.00,22.00
17:58:32,15.00,22.00
17:58:34,15.00,22.00
17:58:37,15.00,22.00
17:58:39,15.00,22.00
17:58:41,15.00,22.00
17:58:43,15.00,22.00
17:58:45,15.00,22.00
17:58:47,15.00,22.00
17:58:49,15.00,22.00
17:58:51,15.00,22.00
17:58:53,15.00,22.00
17:58:55,15.00,22.00
17:58:57,14.00,23.00
17:58:59,14.00,23.00
17:59:01,14.00,23.00
17:59:03,14.00,23.00
17:59:05,14.00,23.00
17:59:07,14.00,23.00
17:59:09,14.00,23.00
17:59:11,14.00,23.00
17:59:13,14.00,23.00
17:59:15,14.00,23.00
17:59:17,14.00,23.00
17:59:19,14.00,23.00
17:59:21,14.00,23.00
17:59:23,14.00,23.00
17:59:26,14.00,23.00
17:59:28,14.00,23.00
17:59:30,14.00,23.00
17:59:32,14.00,23.00
17:59:34,14.00,23.00
17:59:36,14.00,23.00
17:59:38,14.00,23.00
17:59:40,14.00,23.00
17:59:42,14.00,23.00
17:59:44,14.00,23.00
17:59:46,14.00,23.00
17:59:48,14.00,23.00
17:59:50,14.00,23.00
17:59:52,14.00,23.00
17:59:54,14.00,23.00
17:59:56,14.00,23.00
17:59:58,14.00,23.00
18:00:00,14.00,23.00
18:00:02,14.00,23.00
18:00:04,14.00,23.00
18:00:06,14.00,23.00
18:00:08,14.00,24.00
18:00:10,14.00,23.00
18:00:12,13.00,24.00
18:00:15,13.00,23.00
18:00:17,13.00,23.00
18:00:19,13.00,23.00
18:00:21,13.00,23.00
18:00:23,13.00,23.00
18:00:25,13.00,23.00
18:00:27,13.00,23.00
18:00:29,13.00,23.00
18:00:31,13.00,23.00
18:00:33,13.00,23.00
18:00:35,13.00,23.00
18:00:37,13.00,23.00
18:00:39,13.00,23.00
18:00:41,13.00,23.00
18:00:43,13.00,23.00
18:00:45,13.00,23.00
18:00:47,13.00,23.00
18:00:49,13.00,23.00
18:00:51,13.00,23.00
18:00:53,13.00,23.00
18:00:55,13.00,24.00
18:00:57,13.00,23.00
18:00:59,13.00,24.00
18:01:01,13.00,23.00
18:01:04,13.00,24.00
18:01:06,13.00,23.00
18:01:08,13.00,23.00
18:01:10,13.00,23.00
18:01:12,13.00,23.00
18:01:14,13.00,23.00
18:01:16,13.00,23.00
18:01:18,13.00,23.00
18:01:20,13.00,24.00
18:01:22,13.00,23.00
18:01:24,13.00,23.00
18:01:26,13.00,23.00
18:01:28,13.00,23.00
18:01:30,13.00,24.00
18:01:32,13.00,24.00
18:01:34,13.00,23.00
18:01:36,13.00,23.00
18:01:38,13.00,23.00
18:01:40,13.00,24.00
18:01:42,13.00,24.00
18:01:44,13.00,23.00
18:01:46,13.00,23.00
18:01:48,13.00,23.00
18:01:50,13.00,24.00
18:01:53,12.00,24.00
18:01:55,12.00,24.00
18:01:57,13.00,24.00
18:01:59,12.00,24.00
18:02:01,12.00,24.00
18:02:03,12.00,24.00
18:02:05,12.00,25.00
18:02:07,12.00,24.00
18:02:09,12.00,24.00
18:02:11,12.00,24.00
18:02:13,12.00,24.00
18:02:15,12.00,25.00
18:02:17,12.00,24.00
18:02:19,12.00,25.00
18:02:21,12.00,24.00
18:02:23,12.00,25.00
18:02:25,12.00,24.00
18:02:27,12.00,25.00
18:02:29,12.00,25.00
18:02:31,12.00,24.00
18:02:33,12.00,24.00
18:02:35,12.00,24.00
18:02:37,12.00,25.00
18:02:40,12.00,24.00
18:02:42,12.00,24.00
18:02:44,12.00,25.00
18:02:46,12.00,24.00
18:02:48,12.00,24.00
18:02:50,12.00,25.00
18:02:52,12.00,24.00
18:02:54,12.00,25.00
18:02:56,12.00,24.00
18:02:58,12.00,24.00
18:03:00,12.00,25.00
18:03:02,12.00,25.00
18:03:04,12.00,25.00
18:03:06,12.00,24.00
18:03:08,12.00,25.00
18:03:10,12.00,25.00
18:03:12,12.00,25.00
18:03:14,12.00,24.00
18:03:16,12.00,25.00
18:03:18,12.00,24.00
18:03:20,12.00,25.00
18:03:22,12.00,24.00
18:03:24,12.00,24.00
18:03:26,12.00,25.00
18:03:29,12.00,25.00
18:03:31,12.00,24.00
18:03:33,12.00,25.00
18:03:35,12.00,24.00
18:03:37,12.00,25.00
18:03:39,11.00,24.00
18:03:41,11.00,25.00
18:03:43,11.00,25.00
18:03:45,11.00,25.00
18:03:47,11.00,25.00
18:03:49,11.00,25.00
18:03:51,11.00,25.00
18:03:53,11.00,25.00
18:03:55,11.00,25.00
18:03:57,11.00,25.00
18:03:59,11.00,25.00
18:04:01,11.00,25.00
18:04:03,11.00,25.00
18:04:05,11.00,25.00
18:04:07,11.00,25.00
18:04:09,11.00,25.00
18:04:11,11.00,25.00
18:04:13,11.00,25.00
18:04:15,11.00,25.00
18:04:18,11.00,25.00
18:04:20,11.00,24.00
18:04:22,11.00,25.00
18:04:24,11.00,25.00
18:04:26,11.00,25.00
18:04:28,11.00,24.00
18:04:30,11.00,25.00
18:04:32,11.00,25.00
18:04:34,11.00,25.00
18:04:36,11.00,25.00
18:04:38,11.00,25.00
18:04:40,11.00,25.00
18:04:42,11.00,25.00
18:04:44,11.00,25.00
18:04:46,11.00,25.00
18:04:48,11.00,25.00
18:04:50,11.00,25.00
18:04:52,11.00,25.00
18:04:54,11.00,25.00
18:04:56,11.00,25.00
18:04:58,11.00,25.00
18:05:00,11.00,25.00
18:05:02,11.00,25.00
18:05:04,11.00,25.00
18:05:07,11.00,25.00
18:05:09,11.00,25.00
18:05:11,11.00,25.00
18:05:13,11.00,25.00
18:05:15,11.00,25.00
18:05:17,11.00,25.00
18:05:19,11.00,25.00
18:05:21,11.00,25.00
18:05:23,11.00,25.00
18:05:25,11.00,25.00
18:05:27,11.00,25.00
18:05:29,11.00,25.00
18:05:31,11.00,25.00
18:05:33,11.00,25.00
18:05:35,11.00,25.00
18:05:37,11.00,25.00
18:05:39,11.00,25.00
18:05:41,11.00,25.00
18:05:43,11.00,25.00
18:05:45,11.00,25.00
18:05:47,11.00,25.00
18:05:49,11.00,25.00
18:05:51,11.00,25.00
18:05:53,11.00,25.00
18:05:56,11.00,25.00
18:05:58,11.00,25.00
18:06:00,11.00,25.00
18:06:02,11.00,25.00
18:06:04,11.00,25.00
18:06:06,11.00,25.00
18:06:08,11.00,25.00
18:06:10,11.00,25.00
18:06:12,11.00,25.00
18:06:14,11.00,25.00
18:06:16,11.00,25.00
18:06:18,11.00,25.00
18:06:20,11.00,25.00
18:06:22,11.00,25.00
18:06:24,11.00,25.00
18:06:26,11.00,25.00
18:06:28,11.00,25.00
18:06:30,11.00,25.00
18:06:32,11.00,25.00
18:06:34,11.00,25.00
18:06:36,11.00,25.00
18:06:38,11.00,25.00
18:06:40,11.00,25.00
18:06:42,11.00,25.00
18:06:45,11.00,25.00
18:06:47,11.00,25.00
18:06:49,11.00,25.00
18:06:51,11.00,25.00
18:06:53,11.00,25.00
18:06:55,11.00,25.00
18:06:57,11.00,25.00
18:06:59,11.00,25.00
18:07:01,11.00,25.00
18:07:03,10.00,26.00
18:07:05,10.00,26.00
18:07:07,10.00,26.00
18:07:09,10.00,26.00
18:07:11,10.00,26.00
18:07:13,10.00,26.00
18:07:15,10.00,26.00
18:07:17,10.00,26.00
18:07:19,10.00,26.00
18:07:21,10.00,26.00
18:07:23,10.00,26.00
18:07:25,10.00,26.00
18:07:27,10.00,26.00
18:07:29,10.00,26.00
18:07:31,10.00,26.00
18:07:34,10.00,26.00
18:07:36,10.00,26.00
18:07:38,10.00,26.00
18:07:40,10.00,26.00
18:07:42,10.00,26.00
18:07:44,10.00,26.00
18:07:46,10.00,26.00
18:07:48,10.00,26.00
18:07:50,10.00,26.00
18:07:52,10.00,26.00
18:07:54,10.00,26.00
18:07:56,10.00,26.00
18:07:58,10.00,26.00
18:08:00,10.00,26.00
18:08:02,10.00,26.00
18:08:04,10.00,26.00
18:08:06,10.00,26.00
18:08:08,10.00,26.00
18:08:10,10.00,26.00
18:08:12,10.00,26.00
18:08:14,10.00,26.00
18:08:16,10.00,26.00
18:08:18,10.00,26.00
18:08:21,10.00,26.00
18:08:23,10.00,26.00
18:08:25,10.00,26.00
18:08:27,10.00,26.00
18:08:29,10.00,26.00
18:08:31,10.00,26.00
18:08:33,10.00,26.00
18:08:35,10.00,26.00
18:08:37,10.00,26.00
18:08:39,10.00,26.00
18:08:41,10.00,26.00
18:08:43,10.00,26.00
18:08:45,10.00,26.00
18:08:47,10.00,26.00
18:08:49,10.00,26.00
18:08:51,10.00,26.00
18:08:53,10.00,26.00
18:08:55,10.00,26.00
18:08:57,10.00,26.00
18:08:59,10.00,26.00
18:09:01,10.00,26.00
18:09:03,10.00,26.00
18:09:05,10.00,26.00
18:09:07,10.00,26.00
18:09:10,10.00,26.00
18:09:12,10.00,26.00
18:09:14,10.00,26.00
18:09:16,10.00,26.00
18:09:18,10.00,26.00
18:09:20,10.00,26.00
18:09:22,10.00,26.00
18:09:24,10.00,26.00
18:09:26,10.00,26.00
18:09:28,10.00,26.00
18:09:30,10.00,26.00
18:09:32,10.00,26.00
18:09:34,10.00,26.00
18:09:36,10.00,26.00
18:09:38,10.00,26.00
18:09:40,10.00,26.00
18:09:42,10.00,26.00
18:09:44,10.00,26.00
18:09:46,10.00,26.00
18:09:48,10.00,26.00
18:09:50,10.00,26.00
18:09:52,10.00,26.00
18:09:54,10.00,26.00
18:09:56,10.00,26.00
18:09:59,10.00,26.00
18:10:01,10.00,26.00
18:10:03,10.00,26.00
18:10:05,10.00,26.00
18:10:07,10.00,26.00
18:10:09,10.00,26.00
18:10:11,10.00,26.00
18:10:13,10.00,26.00
18:10:15,10.00,26.00
18:10:17,10.00,26.00
18:10:19,10.00,26.00
18:10:21,10.00,26.00
18:10:23,10.00,26.00
18:10:25,10.00,26.00
18:10:27,10.00,26.00
18:10:29,10.00,26.00
18:10:31,10.00,26.00
18:10:33,10.00,26.00
18:10:35,10.00,26.00
18:10:37,10.00,26.00
18:10:39,10.00,26.00
18:10:41,10.00,26.00
18:10:43,10.00,26.00
18:10:45,10.00,26.00
18:10:48,10.00,26.00
18:10:50,10.00,26.00
18:10:52,10.00,26.00
18:10:54,10.00,26.00
18:10:56,10.00,26.00
18:10:58,10.00,26.00
18:11:00,10.00,26.00
18:11:02,10.00,26.00
18:11:04,10.00,26.00
18:11:06,10.00,26.00
18:11:08,10.00,26.00
18:11:10,10.00,26.00
18:11:12,10.00,26.00
18:11:14,10.00,26.00
18:11:16,10.00,26.00
18:11:18,10.00,26.00
18:11:20,10.00,26.00
18:11:22,10.00,26.00
18:11:24,10.00,26.00
18:11:26,10.00,26.00
18:11:28,10.00,26.00
18:11:30,10.00,26.00
18:11:32,10.00,26.00
18:11:34,10.00,26.00
18:11:37,10.00,26.00
18:11:39,10.00,26.00
18:11:41,10.00,26.00
18:11:43,10.00,26.00
18:11:45,10.00,26.00
18:11:47,10.00,26.00
18:11:49,10.00,26.00
18:11:51,10.00,26.00
18:11:53,10.00,26.00
18:11:55,10.00,26.00
18:11:57,10.00,26.00
18:11:59,10.00,26.00
18:12:01,10.00,26.00
18:12:03,10.00,26.00
18:12:05,10.00,26.00
18:12:07,10.00,26.00
18:12:09,10.00,26.00
18:12:11,10.00,26.00
18:12:13,10.00,26.00
18:12:15,10.00,26.00
18:12:17,10.00,26.00
18:12:19,10.00,26.00
18:12:21,10.00,26.00
18:12:23,10.00,26.00
18:12:26,10.00,26.00
18:12:28,9.00 ,26.00
18:12:30,10.00,26.00
18:12:32,9.00 ,26.00
18:12:34,9.00 ,26.00
18:12:36,10.00,26.00
18:12:38,10.00,26.00
18:12:40,9.00 ,26.00
18:12:42,9.00 ,26.00
18:12:44,9.00 ,26.00
18:12:46,9.00 ,26.00
18:12:48,9.00 ,26.00
18:12:50,9.00 ,26.00
18:12:52,9.00 ,26.00
18:12:54,9.00 ,26.00
18:12:56,9.00 ,26.00
18:12:58,9.00 ,26.00
18:13:00,9.00 ,26.00
18:13:02,9.00 ,26.00
18:13:04,9.00 ,26.00
18:13:06,9.00 ,26.00
18:13:08,9.00 ,26.00
18:13:10,9.00 ,26.00
18:13:12,10.00,26.00
18:13:15,9.00 ,26.00
18:13:17,9.00 ,26.00
18:13:19,9.00 ,26.00
18:13:21,9.00 ,26.00
18:13:23,9.00 ,26.00
18:13:25,9.00 ,26.00
18:13:27,9.00 ,26.00
18:13:29,9.00 ,26.00
18:13:31,9.00 ,26.00
18:13:33,9.00 ,26.00
18:13:35,9.00 ,26.00
18:13:37,9.00 ,26.00
18:13:39,9.00 ,26.00
18:13:41,9.00 ,26.00
18:13:43,9.00 ,26.00
18:13:45,9.00 ,26.00
18:13:47,9.00 ,26.00
18:13:49,9.00 ,26.00
18:13:51,9.00 ,26.00
18:13:53,9.00 ,26.00
18:13:55,9.00 ,26.00
18:13:57,9.00 ,26.00
18:13:59,9.00 ,26.00
18:14:01,9.00 ,26.00
18:14:04,9.00 ,26.00
18:14:06,9.00 ,26.00
18:14:08,9.00 ,26.00
18:14:10,9.00 ,26.00
18:14:12,9.00 ,26.00
18:14:14,9.00 ,26.00
18:14:16,9.00 ,26.00
18:14:18,9.00 ,26.00
18:14:20,9.00 ,26.00
18:14:22,9.00 ,26.00
18:14:24,9.00 ,26.00
18:14:26,9.00 ,26.00
18:14:28,9.00 ,26.00
18:14:30,9.00 ,26.00
18:14:32,9.00 ,26.00
18:14:34,9.00 ,26.00
18:14:36,9.00 ,26.00
18:14:38,9.00 ,26.00
18:14:40,9.00 ,26.00
18:14:42,9.00 ,26.00
18:14:44,9.00 ,26.00
18:14:46,9.00 ,26.00
18:14:48,9.00 ,26.00
18:14:50,9.00 ,26.00
18:14:53,9.00 ,26.00
18:14:55,9.00 ,26.00
18:14:57,9.00 ,26.00
18:14:59,9.00 ,26.00
18:15:01,9.00 ,26.00
18:15:03,9.00 ,26.00
18:15:05,9.00 ,26.00
18:15:07,9.00 ,26.00
18:15:09,9.00 ,26.00
18:15:11,9.00 ,26.00
18:15:13,9.00 ,26.00
18:15:15,9.00 ,26.00
18:15:17,9.00 ,26.00
18:15:19,9.00 ,26.00
18:15:21,9.00 ,26.00
18:15:23,9.00 ,26.00
18:15:25,9.00 ,26.00
18:15:27,9.00 ,26.00
18:15:29,9.00 ,26.00
18:15:31,9.00 ,26.00
18:15:33,9.00 ,26.00
18:15:35,9.00 ,26.00
18:15:37,9.00 ,26.00
18:15:39,9.00 ,26.00
18:15:42,9.00 ,26.00
18:15:44,9.00 ,26.00
18:15:46,9.00 ,26.00
18:15:48,9.00 ,26.00
18:15:50,9.00 ,26.00
18:15:52,9.00 ,26.00
18:15:54,9.00 ,26.00
18:15:56,9.00 ,26.00
18:15:58,9.00 ,26.00
18:16:00,9.00 ,26.00
18:16:02,9.00 ,26.00
18:16:04,9.00 ,26.00
18:16:06,9.00 ,26.00
18:16:08,9.00 ,26.00
18:16:10,9.00 ,26.00
18:16:12,9.00 ,26.00
18:16:14,9.00 ,26.00
18:16:16,9.00 ,26.00
18:16:18,9.00 ,26.00
18:16:20,9.00 ,26.00
18:16:22,9.00 ,26.00
18:16:24,9.00 ,26.00
18:16:26,9.00 ,26.00
18:16:28,9.00 ,26.00
18:16:31,9.00 ,26.00
18:16:33,9.00 ,26.00
18:16:35,9.00 ,26.00
18:16:37,9.00 ,26.00
18:16:39,9.00 ,26.00
18:16:41,9.00 ,26.00
18:16:43,9.00 ,26.00
18:16:45,9.00 ,26.00
18:16:47,9.00 ,26.00
18:16:49,9.00 ,26.00
18:16:51,9.00 ,26.00
18:16:53,9.00 ,26.00
18:16:55,9.00 ,26.00
18:16:57,9.00 ,26.00
18:16:59,9.00 ,26.00
18:17:01,9.00 ,26.00
18:17:03,9.00 ,26.00
18:17:05,9.00 ,26.00
18:17:07,9.00 ,26.00
18:17:09,9.00 ,26.00
18:17:11,9.00 ,26.00
18:17:13,9.00 ,26.00
18:17:15,9.00 ,26.00
18:17:17,9.00 ,26.00
18:17:20,9.00 ,26.00
18:17:22,9.00 ,26.00
18:17:24,9.00 ,26.00
18:17:26,9.00 ,26.00
18:17:28,9.00 ,26.00
18:17:30,9.00 ,26.00
18:17:32,9.00 ,26.00
18:17:34,9.00 ,26.00
18:17:36,9.00 ,26.00
18:17:38,9.00 ,26.00
18:17:40,9.00 ,26.00
18:17:42,9.00 ,26.00
18:17:44,9.00 ,26.00
18:17:46,9.00 ,26.00
18:17:48,9.00 ,26.00
18:17:50,9.00 ,26.00
18:17:52,9.00 ,26.00
18:17:54,9.00 ,26.00
18:17:56,9.00 ,26.00
18:17:58,9.00 ,26.00
18:18:00,9.00 ,26.00
18:18:02,9.00 ,26.00
18:18:04,9.00 ,26.00
18:18:06,9.00 ,26.00
18:18:09,9.00 ,26.00
18:18:11,9.00 ,26.00
18:18:13,9.00 ,26.00
18:18:15,9.00 ,26.00
18:18:17,9.00 ,26.00
18:18:19,9.00 ,26.00
18:18:21,9.00 ,26.00
18:18:23,9.00 ,26.00
18:18:25,9.00 ,26.00
18:18:27,9.00 ,26.00
18:18:29,9.00 ,26.00
18:18:31,9.00 ,26.00
18:18:33,9.00 ,26.00
18:18:35,9.00 ,26.00
18:18:37,9.00 ,26.00
18:18:39,9.00 ,26.00
18:18:41,9.00 ,26.00
18:18:43,9.00 ,26.00
18:18:45,9.00 ,26.00
18:18:47,9.00 ,26.00
18:18:49,9.00 ,26.00
18:18:51,9.00 ,26.00
18:18:53,9.00 ,26.00
18:18:55,9.00 ,26.00
18:18:58,9.00 ,26.00
18:19:00,9.00 ,26.00
18:19:02,9.00 ,26.00
18:19:04,9.00 ,26.00
18:19:06,9.00 ,26.00
18:19:08,9.00 ,26.00
18:19:10,9.00 ,26.00
18:19:12,9.00 ,26.00
18:19:14,9.00 ,26.00
18:19:16,9.00 ,26.00
18:19:18,9.00 ,26.00
18:19:20,9.00 ,26.00
18:19:22,9.00 ,26.00
18:19:24,9.00 ,26.00
18:19:26,9.00 ,26.00
18:19:28,9.00 ,26.00
18:19:30,9.00 ,26.00
18:19:32,9.00 ,26.00
18:19:34,9.00 ,26.00
18:19:36,9.00 ,26.00
18:19:38,9.00 ,26.00
18:19:40,9.00 ,26.00
18:19:42,9.00 ,26.00
18:19:44,9.00 ,26.00
18:19:47,9.00 ,26.00
18:19:49,9.00 ,26.00
18:19:51,9.00 ,26.00
18:19:53,9.00 ,26.00
18:19:55,9.00 ,26.00
18:19:57,9.00 ,26.00
18:19:59,9.00 ,26.00
18:20:01,9.00 ,26.00
18:20:03,9.00 ,26.00
18:20:05,9.00 ,26.00
18:20:07,9.00 ,26.00
18:20:09,9.00 ,26.00
18:20:11,9.00 ,26.00
18:20:13,9.00 ,26.00
18:20:15,9.00 ,26.00
18:20:17,9.00 ,26.00
18:20:19,9.00 ,26.00
18:20:21,9.00 ,26.00
18:20:23,9.00 ,26.00
18:20:25,9.00 ,26.00
18:20:27,9.00 ,26.00
18:20:29,9.00 ,26.00
18:20:31,9.00 ,26.00
18:20:34,9.00 ,26.00
18:20:36,9.00 ,26.00
18:20:38,9.00 ,26.00
18:20:40,9.00 ,26.00
18:20:42,9.00 ,26.00
18:20:44,9.00 ,26.00
18:20:46,9.00 ,26.00
18:20:48,9.00 ,26.00
18:20:50,9.00 ,26.00
18:20:52,9.00 ,26.00
18:20:54,9.00 ,26.00
18:20:56,9.00 ,26.00
18:20:58,9.00 ,26.00
18:21:00,9.00 ,26.00
18:21:02,9.00 ,26.00
18:21:04,9.00 ,26.00
18:21:06,9.00 ,26.00
18:21:08,9.00 ,26.00
18:21:10,9.00 ,26.00
18:21:12,9.00 ,26.00
18:21:14,9.00 ,26.00
18:21:16,9.00 ,26.00
18:21:18,9.00 ,26.00
18:21:20,9.00 ,26.00
18:21:23,9.00 ,26.00
18:21:25,9.00 ,26.00
18:21:27,9.00 ,26.00
18:21:29,9.00 ,26.00
18:21:31,9.00 ,26.00
18:21:33,9.00 ,26.00
18:21:35,9.00 ,26.00
18:21:37,9.00 ,26.00
18:21:39,9.00 ,26.00
18:21:41,9.00 ,26.00
18:21:43,9.00 ,26.00
18:21:45,9.00 ,26.00
18:21:47,9.00 ,26.00
18:21:49,9.00 ,26.00
18:21:51,9.00 ,26.00
18:21:53,9.00 ,26.00
18:21:55,9.00 ,26.00
18:21:57,9.00 ,26.00
18:21:59,9.00 ,26.00
18:22:01,9.00 ,26.00
18:22:03,9.00 ,26.00
18:22:05,9.00 ,26.00
18:22:07,9.00 ,26.00
18:22:09,9.00 ,26.00
18:22:12,9.00 ,26.00
18:22:14,9.00 ,26.00
18:22:16,9.00 ,26.00
18:22:18,9.00 ,26.00
18:22:20,9.00 ,26.00
18:22:22,9.00 ,26.00
18:22:24,9.00 ,26.00
18:22:26,9.00 ,26.00
18:22:28,9.00 ,26.00
18:22:30,9.00 ,26.00
18:22:32,9.00 ,26.00
18:22:34,9.00 ,26.00
18:22:36,9.00 ,26.00
18:22:38,9.00 ,26.00
18:22:40,9.00 ,26.00
18:22:42,9.00 ,26.00
18:22:44,9.00 ,26.00
18:22:46,9.00 ,26.00
18:22:48,9.00 ,26.00
18:22:50,9.00 ,26.00
18:22:52,9.00 ,26.00
18:22:54,9.00 ,26.00
18:22:56,9.00 ,26.00
18:22:58,9.00 ,26.00
18:23:01,9.00 ,26.00
18:23:03,9.00 ,26.00
18:23:05,9.00 ,26.00
18:23:07,9.00 ,26.00
18:23:09,9.00 ,26.00
18:23:11,9.00 ,26.00
18:23:13,9.00 ,26.00
18:23:15,9.00 ,26.00
18:23:17,9.00 ,26.00
18:23:19,9.00 ,26.00
18:23:21,9.00 ,26.00
18:23:23,9.00 ,26.00
18:23:25,9.00 ,26.00
18:23:27,9.00 ,26.00
18:23:29,9.00 ,26.00
18:23:31,9.00 ,26.00
18:23:33,9.00 ,26.00
18:23:35,9.00 ,26.00
18:23:37,9.00 ,26.00
18:23:39,9.00 ,26.00
18:23:41,9.00 ,26.00
18:23:43,9.00 ,26.00
18:23:45,9.00 ,26.00
18:23:47,9.00 ,26.00
18:23:50,9.00 ,26.00
18:23:52,9.00 ,26.00
18:23:54,9.00 ,26.00
18:23:56,9.00 ,26.00
18:23:58,9.00 ,26.00
18:24:00,9.00 ,26.00
18:24:02,9.00 ,26.00
18:24:04,9.00 ,26.00
18:24:06,9.00 ,26.00
18:24:08,9.00 ,26.00
18:24:10,9.00 ,26.00
18:24:12,9.00 ,26.00
18:24:14,9.00 ,26.00
18:24:16,9.00 ,26.00
18:24:18,9.00 ,26.00
18:24:20,9.00 ,26.00
18:24:22,9.00 ,26.00
18:24:24,9.00 ,26.00
18:24:26,9.00 ,26.00
18:24:28,9.00 ,26.00
18:24:30,9.00 ,26.00
18:24:32,9.00 ,26.00
18:24:34,9.00 ,26.00
18:24:36,9.00 ,26.00
18:24:39,9.00 ,26.00
18:24:41,9.00 ,26.00
18:24:43,9.00 ,26.00
18:24:45,9.00 ,26.00
18:24:47,9.00 ,26.00
18:24:49,9.00 ,26.00
18:24:51,9.00 ,26.00
18:24:53,9.00 ,26.00
18:24:55,9.00 ,26.00
18:24:57,9.00 ,26.00
18:24:59,9.00 ,26.00
18:25:01,9.00 ,26.00
18:25:03,9.00 ,26.00
18:25:05,9.00 ,26.00
18:25:07,9.00 ,26.00
18:25:09,9.00 ,26.00
18:25:11,9.00 ,26.00
18:25:13,9.00 ,26.00
18:25:15,9.00 ,26.00
18:25:17,9.00 ,26.00
18:25:19,9.00 ,26.00
18:25:21,9.00 ,26.00
18:25:23,9.00 ,26.00
18:25:25,9.00 ,26.00
18:25:28,9.00 ,26.00
18:25:30,9.00 ,26.00
18:25:32,9.00 ,26.00
18:25:34,9.00 ,26.00
18:25:36,9.00 ,26.00
18:25:38,9.00 ,26.00
18:25:40,9.00 ,26.00
18:25:42,9.00 ,26.00
18:25:44,9.00 ,26.00
18:25:46,9.00 ,26.00
18:25:48,9.00 ,26.00
18:25:50,9.00 ,26.00
18:25:52,9.00 ,26.00
18:25:54,9.00 ,26.00
18:25:56,9.00 ,26.00
18:25:58,9.00 ,26.00
18:26:00,9.00 ,26.00
18:26:02,9.00 ,26.00
18:26:04,9.00 ,26.00
18:26:06,9.00 ,26.00
18:26:08,9.00 ,26.00
18:26:10,9.00 ,26.00
18:26:12,9.00 ,26.00
18:26:14,9.00 ,26.00
18:26:17,9.00 ,26.00
18:26:19,9.00 ,26.00
18:26:21,9.00 ,26.00
18:26:23,9.00 ,26.00
18:26:25,9.00 ,26.00
18:26:27,9.00 ,26.00
18:26:29,9.00 ,26.00
18:26:31,9.00 ,26.00
18:26:33,9.00 ,26.00
18:26:35,9.00 ,26.00
18:26:37,9.00 ,26.00
18:26:39,9.00 ,26.00
18:26:41,9.00 ,26.00
18:26:43,9.00 ,26.00
18:26:45,9.00 ,26.00
18:26:47,9.00 ,26.00
18:26:49,9.00 ,26.00
18:26:51,9.00 ,26.00
18:26:53,9.00 ,26.00
18:26:55,9.00 ,26.00
18:26:57,9.00 ,26.00
18:26:59,9.00 ,26.00
18:27:01,9.00 ,26.00
18:27:03,9.00 ,26.00
18:27:06,9.00 ,26.00
18:27:08,9.00 ,26.00
18:27:10,9.00 ,26.00
18:27:12,9.00 ,26.00
18:27:14,9.00 ,26.00
18:27:16,9.00 ,26.00
18:27:18,9.00 ,26.00
18:27:20,9.00 ,26.00
18:27:22,9.00 ,26.00
18:27:24,9.00 ,26.00
18:27:26,9.00 ,26.00
18:27:28,9.00 ,26.00
18:27:30,9.00 ,26.00
18:27:32,9.00 ,26.00
18:27:34,9.00 ,26.00
18:27:36,9.00 ,26.00
18:27:38,9.00 ,26.00
18:27:40,9.00 ,26.00
18:27:42,9.00 ,26.00
18:27:44,9.00 ,26.00
18:27:46,9.00 ,26.00
18:27:48,9.00 ,26.00
18:27:50,9.00 ,26.00
18:27:52,9.00 ,26.00
18:27:55,9.00 ,26.00
18:27:57,9.00 ,26.00
18:27:59,9.00 ,26.00
18:28:01,9.00 ,26.00
18:28:03,9.00 ,26.00
18:28:05,9.00 ,26.00
18:28:07,9.00 ,26.00
18:28:09,9.00 ,26.00
18:28:11,9.00 ,26.00
18:28:13,9.00 ,26.00
18:28:15,9.00 ,26.00
18:28:17,9.00 ,26.00
18:28:19,9.00 ,26.00
18:28:21,9.00 ,26.00
18:28:23,9.00 ,26.00
18:28:25,9.00 ,26.00
18:28:27,9.00 ,26.00
18:28:29,9.00 ,26.00
18:28:31,9.00 ,26.00
18:28:33,9.00 ,26.00
18:28:35,9.00 ,26.00
18:28:37,9.00 ,26.00
18:28:39,9.00 ,26.00
18:28:41,9.00 ,26.00
18:28:44,9.00 ,26.00
18:28:46,9.00 ,26.00
18:28:48,9.00 ,26.00
18:28:50,8.00 ,27.00
18:28:52,9.00 ,26.00
18:28:54,9.00 ,26.00
18:28:56,9.00 ,26.00
18:28:58,9.00 ,26.00
18:29:00,9.00 ,26.00
18:29:02,9.00 ,26.00
18:29:04,9.00 ,26.00
18:29:06,9.00 ,26.00
18:29:08,9.00 ,26.00
18:29:10,9.00 ,26.00
18:29:12,9.00 ,26.00
18:29:14,8.00 ,27.00
18:29:16,9.00 ,26.00
18:29:18,9.00 ,26.00
18:29:20,9.00 ,26.00
18:29:22,9.00 ,26.00
18:29:24,8.00 ,27.00
18:29:26,9.00 ,26.00
18:29:28,9.00 ,26.00
18:29:30,9.00 ,26.00
18:29:33,9.00 ,26.00
18:29:35,9.00 ,26.00
18:29:37,8.00 ,27.00
18:29:39,9.00 ,26.00
18:29:41,8.00 ,27.00
18:29:43,9.00 ,26.00
18:29:45,9.00 ,26.00
18:29:47,8.00 ,27.00
18:29:49,9.00 ,26.00
18:29:51,9.00 ,26.00
18:29:53,8.00 ,27.00
18:29:55,8.00 ,27.00
18:29:57,9.00 ,26.00
18:29:59,9.00 ,26.00
18:30:01,9.00 ,26.00
18:30:03,8.00 ,27.00
18:30:05,8.00 ,27.00
18:30:07,8.00 ,27.00
18:30:09,8.00 ,27.00
18:30:11,8.00 ,27.00
18:30:13,8.00 ,27.00
18:30:15,8.00 ,27.00
18:30:17,8.00 ,27.00
18:30:19,8.00 ,27.00
18:30:22,8.00 ,27.00
18:30:24,8.00 ,27.00
18:30:26,9.00 ,26.00
18:30:28,8.00 ,27.00
18:30:30,8.00 ,27.00
18:30:32,9.00 ,26.00
18:30:34,9.00 ,26.00
18:30:36,8.00 ,27.00
18:30:38,8.00 ,27.00
18:30:40,8.00 ,27.00
18:30:42,8.00 ,27.00
18:30:44,8.00 ,27.00
18:30:46,8.00 ,27.00
18:30:48,8.00 ,27.00
18:30:50,8.00 ,27.00
18:30:52,8.00 ,27.00
18:30:54,8.00 ,27.00
18:30:56,8.00 ,27.00
18:30:58,8.00 ,27.00
18:31:00,8.00 ,27.00
18:31:02,8.00 ,27.00
18:31:04,8.00 ,27.00
18:31:06,8.00 ,27.00
18:31:08,8.00 ,27.00
18:31:11,8.00 ,27.00
18:31:13,8.00 ,27.00
18:31:15,8.00 ,27.00
18:31:17,8.00 ,27.00
18:31:19,8.00 ,27.00
18:31:21,8.00 ,27.00
18:31:23,8.00 ,27.00
18:31:25,8.00 ,27.00
18:31:27,9.00 ,26.00
18:31:29,8.00 ,27.00
18:31:31,8.00 ,27.00
18:31:33,8.00 ,27.00
18:31:35,8.00 ,27.00
18:31:37,8.00 ,27.00
18:31:39,8.00 ,27.00
18:31:41,8.00 ,27.00
18:31:43,8.00 ,27.00
18:31:45,8.00 ,27.00
18:31:47,8.00 ,27.00
18:31:49,8.00 ,27.00
18:31:51,8.00 ,27.00
18:31:53,8.00 ,27.00
18:31:55,8.00 ,27.00
18:31:57,8.00 ,27.00
18:32:00,8.00 ,27.00
18:32:02,8.00 ,27.00
18:32:04,8.00 ,27.00
18:32:06,8.00 ,27.00
18:32:08,8.00 ,27.00
18:32:10,8.00 ,27.00
18:32:12,8.00 ,27.00
18:32:14,8.00 ,27.00
18:32:16,8.00 ,27.00
18:32:18,8.00 ,27.00
18:32:20,8.00 ,27.00
18:32:22,8.00 ,27.00
18:32:24,8.00 ,27.00
18:32:26,8.00 ,27.00
18:32:28,8.00 ,27.00
18:32:30,8.00 ,27.00
18:32:32,8.00 ,27.00
18:32:34,8.00 ,27.00
18:32:36,8.00 ,27.00
18:32:38,8.00 ,27.00
18:32:40,8.00 ,27.00
18:32:42,8.00 ,27.00
18:32:44,8.00 ,27.00
18:32:47,8.00 ,27.00
18:32:49,8.00 ,27.00
18:32:51,8.00 ,27.00
18:32:53,8.00 ,27.00
18:32:55,8.00 ,27.00
18:32:57,8.00 ,27.00
18:32:59,8.00 ,27.00
18:33:01,8.00 ,27.00
18:33:03,8.00 ,27.00
18:33:05,8.00 ,27.00
18:33:07,8.00 ,27.00
18:33:09,8.00 ,27.00
18:33:11,8.00 ,27.00
18:33:13,8.00 ,27.00
18:33:15,8.00 ,27.00
18:33:17,8.00 ,27.00
18:33:19,8.00 ,27.00
18:33:21,8.00 ,27.00
18:33:23,8.00 ,27.00
18:33:25,8.00 ,27.00
18:33:27,8.00 ,27.00
18:33:29,8.00 ,27.00
18:33:31,8.00 ,27.00
18:33:33,8.00 ,27.00
18:33:36,8.00 ,27.00
18:33:38,8.00 ,27.00
18:33:40,8.00 ,27.00
18:33:42,8.00 ,27.00
18:33:44,8.00 ,27.00
18:33:46,8.00 ,27.00
18:33:48,8.00 ,27.00
18:33:50,8.00 ,27.00
18:33:52,8.00 ,27.00
18:33:54,8.00 ,27.00
18:33:56,8.00 ,27.00
18:33:58,8.00 ,27.00
18:34:00,8.00 ,27.00
18:34:02,8.00 ,27.00
18:34:04,8.00 ,27.00
18:34:06,8.00 ,27.00
18:34:08,8.00 ,27.00
18:34:10,8.00 ,27.00
18:34:12,8.00 ,27.00
18:34:14,8.00 ,27.00
18:34:16,8.00 ,27.00
18:34:18,8.00 ,27.00
18:34:20,8.00 ,27.00
18:34:22,8.00 ,27.00
18:34:25,8.00 ,27.00
18:34:27,8.00 ,27.00
18:34:29,8.00 ,27.00
18:34:31,8.00 ,27.00
18:34:33,8.00 ,27.00
18:34:35,8.00 ,27.00
18:34:37,8.00 ,27.00
18:34:39,8.00 ,27.00
18:34:41,8.00 ,27.00
18:34:43,8.00 ,27.00
18:34:45,8.00 ,27.00
18:34:47,8.00 ,27.00
18:34:49,8.00 ,27.00
18:34:51,8.00 ,27.00
18:34:53,8.00 ,27.00
18:34:55,8.00 ,27.00
18:34:57,8.00 ,27.00
18:34:59,8.00 ,27.00
18:35:01,8.00 ,27.00
18:35:03,8.00 ,27.00
18:35:05,8.00 ,27.00
18:35:07,8.00 ,27.00
18:35:09,8.00 ,27.00
18:35:11,8.00 ,27.00
18:35:14,8.00 ,27.00
18:35:16,8.00 ,27.00
18:35:18,8.00 ,27.00
18:35:20,8.00 ,27.00
18:35:22,8.00 ,27.00
18:35:24,8.00 ,27.00
18:35:26,8.00 ,27.00
18:35:28,8.00 ,27.00
18:35:30,8.00 ,27.00
18:35:32,8.00 ,27.00
18:35:34,8.00 ,27.00
18:35:36,8.00 ,27.00
18:35:38,8.00 ,27.00
18:35:40,8.00 ,27.00
18:35:42,8.00 ,27.00
18:35:44,8.00 ,27.00
18:35:46,8.00 ,27.00
18:35:48,8.00 ,27.00
18:35:50,8.00 ,27.00
18:35:52,8.00 ,27.00
18:35:54,8.00 ,27.00
18:35:56,8.00 ,27.00
18:35:58,8.00 ,27.00
18:36:00,8.00 ,27.00
18:36:03,8.00 ,27.00
18:36:05,8.00 ,27.00
18:36:07,8.00 ,27.00
18:36:09,8.00 ,27.00
18:36:11,8.00 ,27.00
18:36:13,8.00 ,27.00
18:36:15,8.00 ,27.00
18:36:17,8.00 ,27.00
18:36:19,8.00 ,27.00
18:36:21,8.00 ,27.00
18:36:23,8.00 ,27.00
18:36:25,8.00 ,27.00
18:36:27,8.00 ,27.00
18:36:29,8.00 ,27.00
18:36:31,8.00 ,27.00
18:36:33,8.00 ,27.00
18:36:35,8.00 ,27.00
18:36:37,8.00 ,27.00
18:36:39,8.00 ,27.00
18:36:41,8.00 ,27.00
18:36:43,8.00 ,27.00
18:36:45,8.00 ,27.00
18:36:47,8.00 ,27.00
18:36:49,8.00 ,27.00
18:36:52,8.00 ,27.00
18:36:54,8.00 ,27.00
18:36:56,8.00 ,27.00
18:36:58,8.00 ,27.00
18:37:00,8.00 ,27.00
18:37:02,8.00 ,27.00
18:37:04,8.00 ,27.00
18:37:06,8.00 ,27.00
18:37:08,8.00 ,27.00
18:37:10,8.00 ,27.00
18:37:12,8.00 ,27.00
18:37:14,8.00 ,27.00
18:37:16,8.00 ,27.00
18:37:18,8.00 ,27.00
18:37:20,8.00 ,27.00
18:37:22,8.00 ,27.00
18:37:24,8.00 ,27.00
18:37:26,8.00 ,27.00
18:37:28,8.00 ,27.00
18:37:30,8.00 ,27.00
18:37:32,8.00 ,27.00
18:37:34,8.00 ,27.00
18:37:36,8.00 ,27.00
18:37:38,8.00 ,27.00
18:37:41,8.00 ,27.00
18:37:43,8.00 ,27.00
18:37:45,8.00 ,27.00
18:37:47,8.00 ,27.00
18:37:49,8.00 ,27.00
18:37:51,8.00 ,27.00
18:37:53,8.00 ,27.00
18:37:55,8.00 ,27.00
18:37:57,8.00 ,27.00
18:37:59,8.00 ,27.00
18:38:01,8.00 ,27.00
18:38:03,8.00 ,27.00
18:38:05,8.00 ,27.00
18:38:07,8.00 ,27.00
18:38:09,8.00 ,27.00
18:38:11,8.00 ,27.00
18:38:13,8.00 ,27.00
18:38:15,8.00 ,27.00
18:38:17,8.00 ,27.00
18:38:19,8.00 ,27.00
18:38:21,8.00 ,27.00
18:38:23,8.00 ,27.00
18:38:25,8.00 ,27.00
18:38:27,8.00 ,27.00
18:38:30,8.00 ,27.00
18:38:32,8.00 ,27.00
18:38:34,8.00 ,27.00
18:38:36,8.00 ,27.00
18:38:38,8.00 ,27.00
18:38:40,8.00 ,27.00
18:38:42,8.00 ,27.00
18:38:44,8.00 ,27.00
18:38:46,8.00 ,27.00
18:38:48,8.00 ,27.00
18:38:50,8.00 ,27.00
18:38:52,8.00 ,27.00
18:38:54,8.00 ,27.00
18:38:56,8.00 ,27.00
18:38:58,8.00 ,27.00
18:39:00,8.00 ,27.00
18:39:02,8.00 ,27.00
18:39:04,8.00 ,27.00
18:39:06,8.00 ,27.00
18:39:08,8.00 ,27.00
18:39:10,8.00 ,27.00
18:39:12,8.00 ,27.00
18:39:14,8.00 ,27.00
18:39:16,8.00 ,27.00
18:39:19,8.00 ,27.00
18:39:21,8.00 ,27.00
18:39:23,8.00 ,27.00
18:39:25,8.00 ,27.00
18:39:27,8.00 ,27.00
18:39:29,8.00 ,27.00
18:39:31,8.00 ,27.00
18:39:33,8.00 ,27.00
18:39:35,8.00 ,27.00
18:39:37,8.00 ,27.00
18:39:39,8.00 ,27.00
18:39:41,8.00 ,27.00
18:39:43,8.00 ,27.00
18:39:45,8.00 ,27.00
18:39:47,8.00 ,27.00
18:39:49,8.00 ,27.00
18:39:51,8.00 ,27.00
18:39:53,8.00 ,27.00
18:39:55,8.00 ,27.00
18:39:57,8.00 ,27.00
18:39:59,8.00 ,27.00
18:40:01,8.00 ,27.00
18:40:03,8.00 ,27.00
18:40:05,8.00 ,27.00
18:40:08,8.00 ,27.00
18:40:10,8.00 ,27.00
18:40:12,8.00 ,27.00
18:40:14,8.00 ,27.00
18:40:16,8.00 ,27.00
18:40:18,8.00 ,27.00
18:40:20,8.00 ,27.00
18:40:22,8.00 ,27.00
18:40:24,8.00 ,27.00
18:40:26,8.00 ,27.00
18:40:28,8.00 ,27.00
18:40:30,8.00 ,27.00
18:40:32,8.00 ,27.00
18:40:34,8.00 ,27.00
18:40:36,8.00 ,27.00
18:40:38,8.00 ,27.00
18:40:40,8.00 ,27.00
18:40:42,8.00 ,27.00
18:40:44,8.00 ,27.00
18:40:46,8.00 ,27.00
18:40:48,8.00 ,27.00
18:40:50,8.00 ,27.00
18:40:52,8.00 ,27.00
18:40:54,8.00 ,27.00
18:40:57,8.00 ,27.00
18:40:59,8.00 ,27.00
18:41:01,8.00 ,27.00
18:41:03,8.00 ,27.00
18:41:05,8.00 ,27.00
18:41:07,8.00 ,27.00
18:41:09,8.00 ,27.00
18:41:11,8.00 ,27.00
18:41:13,8.00 ,27.00
18:41:15,8.00 ,27.00
18:41:17,8.00 ,27.00
18:41:19,8.00 ,27.00
18:41:21,8.00 ,27.00
18:41:23,8.00 ,27.00
18:41:25,8.00 ,27.00
18:41:27,8.00 ,27.00
18:41:29,8.00 ,27.00
18:41:31,8.00 ,27.00
18:41:33,8.00 ,27.00
18:41:35,8.00 ,27.00
18:41:37,8.00 ,27.00
18:41:39,8.00 ,27.00
18:41:41,8.00 ,27.00
18:41:43,8.00 ,27.00
18:41:46,8.00 ,27.00
18:41:48,8.00 ,27.00
18:41:50,8.00 ,27.00
18:41:52,8.00 ,27.00
18:41:54,8.00 ,27.00
18:41:56,8.00 ,27.00
18:41:58,8.00 ,27.00
18:42:00,8.00 ,27.00
18:42:02,8.00 ,27.00
18:42:04,8.00 ,27.00
18:42:06,8.00 ,27.00
18:42:08,8.00 ,27.00
18:42:10,8.00 ,27.00
18:42:12,8.00 ,27.00
18:42:14,8.00 ,27.00
18:42:16,8.00 ,27.00
18:42:18,8.00 ,27.00
18:42:20,8.00 ,27.00
18:42:22,8.00 ,27.00
18:42:24,8.00 ,27.00
18:42:26,8.00 ,27.00
18:42:28,8.00 ,27.00
18:42:30,8.00 ,27.00
18:42:32,8.00 ,27.00
18:42:35,8.00 ,27.00
18:42:37,8.00 ,27.00
18:42:39,8.00 ,27.00
18:42:41,8.00 ,27.00
18:42:43,8.00 ,27.00
18:42:45,8.00 ,27.00
18:42:47,8.00 ,27.00
18:42:49,8.00 ,27.00
18:42:51,8.00 ,27.00
18:42:53,8.00 ,27.00
18:42:55,8.00 ,27.00
18:42:57,8.00 ,27.00
18:42:59,8.00 ,27.00
18:43:01,8.00 ,27.00
18:43:03,8.00 ,27.00
18:43:05,8.00 ,27.00
18:43:07,8.00 ,27.00
18:43:09,8.00 ,27.00
18:43:11,8.00 ,27.00
18:43:13,8.00 ,27.00
18:43:15,8.00 ,27.00
18:43:17,8.00 ,27.00
18:43:19,8.00 ,27.00
18:43:21,8.00 ,27.00
18:43:24,8.00 ,27.00
18:43:26,8.00 ,27.00
18:43:28,8.00 ,27.00
18:43:30,8.00 ,27.00
18:43:32,8.00 ,27.00
18:43:34,8.00 ,27.00
18:43:36,8.00 ,27.00
18:43:38,8.00 ,27.00
18:43:40,8.00 ,27.00
18:43:42,8.00 ,27.00
18:43:44,8.00 ,27.00
18:43:46,8.00 ,27.00
18:43:48,8.00 ,27.00
18:43:50,8.00 ,27.00
18:43:52,8.00 ,27.00
18:43:54,8.00 ,27.00
18:43:56,8.00 ,27.00
18:43:58,8.00 ,27.00
18:44:00,8.00 ,27.00
18:44:02,8.00 ,27.00
18:44:04,8.00 ,27.00
18:44:06,8.00 ,27.00
18:44:08,8.00 ,27.00
18:44:10,8.00 ,27.00
18:44:13,8.00 ,27.00
18:44:15,8.00 ,27.00
18:44:17,8.00 ,27.00
18:44:19,8.00 ,27.00
18:44:21,8.00 ,27.00
18:44:23,8.00 ,27.00
18:44:25,8.00 ,27.00
18:44:27,8.00 ,27.00
18:44:29,8.00 ,27.00
18:44:31,8.00 ,27.00
18:44:33,8.00 ,27.00
18:44:35,8.00 ,27.00
18:44:37,8.00 ,27.00
18:44:39,8.00 ,27.00
18:44:41,8.00 ,27.00
18:44:43,8.00 ,27.00
18:44:45,8.00 ,27.00
18:44:47,8.00 ,27.00
18:44:49,8.00 ,27.00
18:44:51,8.00 ,27.00
18:44:53,8.00 ,27.00
18:44:55,8.00 ,27.00
18:44:57,8.00 ,27.00
18:44:59,8.00 ,27.00
18:45:02,8.00 ,27.00
18:45:04,8.00 ,27.00
18:45:06,8.00 ,27.00
18:45:08,8.00 ,27.00
18:45:10,8.00 ,27.00
18:45:12,8.00 ,27.00
18:45:14,8.00 ,27.00
18:45:16,8.00 ,27.00
18:45:18,8.00 ,27.00
18:45:20,8.00 ,27.00
18:45:22,8.00 ,27.00
18:45:24,8.00 ,27.00
18:45:26,8.00 ,27.00
18:45:28,8.00 ,27.00
18:45:30,8.00 ,27.00
18:45:32,8.00 ,27.00
18:45:34,8.00 ,27.00
18:45:36,8.00 ,27.00
18:45:38,8.00 ,27.00
18:45:40,8.00 ,27.00
18:45:42,8.00 ,27.00
18:45:44,8.00 ,27.00
18:45:46,8.00 ,27.00
18:45:48,8.00 ,27.00
18:45:51,8.00 ,27.00
18:45:53,8.00 ,27.00
18:45:55,8.00 ,27.00
18:45:57,8.00 ,27.00
18:45:59,8.00 ,27.00
18:46:01,8.00 ,27.00
18:46:03,8.00 ,27.00
18:46:05,8.00 ,27.00
18:46:07,8.00 ,27.00
18:46:09,8.00 ,27.00
18:46:11,8.00 ,27.00
18:46:13,8.00 ,27.00
18:46:15,8.00 ,27.00
18:46:17,8.00 ,27.00
18:46:19,8.00 ,27.00
18:46:21,8.00 ,27.00
18:46:23,8.00 ,27.00
18:46:25,8.00 ,27.00
18:46:27,8.00 ,27.00
18:46:29,8.00 ,27.00
18:46:31,8.00 ,27.00
18:46:33,8.00 ,27.00
18:46:35,8.00 ,27.00
18:46:38,8.00 ,27.00
18:46:40,8.00 ,27.00
18:46:42,8.00 ,27.00
18:46:44,8.00 ,27.00
18:46:46,8.00 ,27.00
18:46:48,8.00 ,27.00
18:46:50,8.00 ,27.00
18:46:52,8.00 ,27.00
18:46:54,8.00 ,27.00
18:46:56,8.00 ,27.00
18:46:58,8.00 ,27.00
18:47:00,8.00 ,27.00
18:47:02,8.00 ,27.00
18:47:04,8.00 ,27.00
18:47:06,8.00 ,27.00
18:47:08,8.00 ,27.00
18:47:10,8.00 ,27.00
18:47:12,8.00 ,27.00
18:47:14,8.00 ,27.00
18:47:16,8.00 ,27.00
18:47:18,8.00 ,27.00
18:47:20,8.00 ,27.00
18:47:22,8.00 ,27.00
18:47:24,8.00 ,27.00
18:47:27,8.00 ,27.00
18:47:29,8.00 ,27.00
18:47:31,8.00 ,27.00
18:47:33,8.00 ,27.00
18:47:35,8.00 ,27.00
18:47:37,8.00 ,27.00
18:47:39,8.00 ,27.00
18:47:41,8.00 ,27.00
18:47:43,8.00 ,27.00
18:47:45,8.00 ,27.00
18:47:47,8.00 ,27.00
18:47:49,8.00 ,27.00
18:47:51,8.00 ,27.00
18:47:53,8.00 ,27.00
18:47:55,8.00 ,27.00
18:47:57,8.00 ,27.00
18:47:59,8.00 ,27.00
18:48:01,8.00 ,27.00
18:48:03,8.00 ,27.00
18:48:05,8.00 ,27.00
18:48:07,8.00 ,27.00
18:48:09,8.00 ,27.00
18:48:11,8.00 ,27.00
18:48:13,8.00 ,27.00
18:48:16,8.00 ,27.00
18:48:18,8.00 ,27.00
18:48:20,8.00 ,27.00
18:48:22,8.00 ,27.00
18:48:24,8.00 ,27.00
18:48:26,8.00 ,27.00
18:48:28,8.00 ,27.00
18:48:30,8.00 ,27.00
18:48:32,8.00 ,27.00
18:48:34,8.00 ,27.00
18:48:36,8.00 ,27.00
18:48:38,8.00 ,27.00
18:48:40,8.00 ,27.00
18:48:42,8.00 ,27.00
18:48:44,8.00 ,27.00
18:48:46,8.00 ,27.00
18:48:48,8.00 ,27.00
18:48:50,8.00 ,27.00
18:48:52,8.00 ,27.00
18:48:54,8.00 ,27.00
18:48:56,8.00 ,27.00
18:48:58,8.00 ,27.00
18:49:00,8.00 ,27.00
18:49:02,8.00 ,27.00
18:49:05,8.00 ,27.00
18:49:07,8.00 ,27.00
18:49:09,8.00 ,27.00
18:49:11,8.00 ,27.00
18:49:13,8.00 ,27.00
18:49:15,8.00 ,27.00
18:49:17,8.00 ,27.00
18:49:19,8.00 ,27.00
18:49:21,8.00 ,27.00
18:49:23,8.00 ,27.00
18:49:25,8.00 ,27.00
18:49:27,8.00 ,27.00
18:49:29,8.00 ,27.00
18:49:31,8.00 ,27.00
18:49:33,8.00 ,27.00
18:49:35,8.00 ,27.00
18:49:37,8.00 ,27.00
18:49:39,8.00 ,27.00
18:49:41,8.00 ,27.00
18:49:43,8.00 ,27.00
18:49:45,8.00 ,27.00
18:49:47,8.00 ,27.00
18:49:49,8.00 ,27.00
18:49:51,8.00 ,27.00
18:49:54,8.00 ,27.00
18:49:56,8.00 ,27.00
18:49:58,8.00 ,27.00
18:50:00,8.00 ,27.00
18:50:02,8.00 ,27.00
18:50:04,8.00 ,27.00
18:50:06,8.00 ,27.00
18:50:08,8.00 ,27.00
18:50:10,8.00 ,27.00
18:50:12,8.00 ,27.00
18:50:14,8.00 ,27.00
18:50:16,8.00 ,27.00
18:50:18,8.00 ,27.00
18:50:20,8.00 ,27.00
18:50:22,8.00 ,27.00
18:50:24,8.00 ,27.00
18:50:26,8.00 ,27.00
18:50:28,8.00 ,27.00
18:50:30,8.00 ,27.00
18:50:32,8.00 ,27.00
18:50:34,8.00 ,27.00
18:50:36,8.00 ,27.00
18:50:38,8.00 ,27.00
18:50:40,8.00 ,27.00
18:50:43,8.00 ,27.00
18:50:45,8.00 ,27.00
18:50:47,8.00 ,27.00
18:50:49,8.00 ,27.00
18:50:51,8.00 ,27.00
18:50:53,8.00 ,27.00
18:50:55,8.00 ,27.00
18:50:57,8.00 ,27.00
18:50:59,8.00 ,27.00
18:51:01,8.00 ,27.00
18:51:03,8.00 ,27.00
18:51:05,8.00 ,27.00
18:51:07,8.00 ,27.00
18:51:09,8.00 ,27.00
18:51:11,8.00 ,27.00
18:51:13,8.00 ,27.00
18:51:15,8.00 ,27.00
18:51:17,8.00 ,27.00
18:51:19,8.00 ,27.00
18:51:21,8.00 ,27.00
18:51:23,8.00 ,27.00
18:51:25,8.00 ,27.00
18:51:27,8.00 ,27.00
18:51:29,8.00 ,27.00
18:51:32,8.00 ,27.00
18:51:34,8.00 ,27.00
18:51:36,8.00 ,27.00
18:51:38,8.00 ,27.00
18:51:40,8.00 ,27.00
18:51:42,8.00 ,27.00
18:51:44,8.00 ,27.00
18:51:46,8.00 ,27.00
18:51:48,8.00 ,27.00
18:51:50,8.00 ,27.00
18:51:52,8.00 ,27.00
18:51:54,8.00 ,27.00
18:51:56,8.00 ,27.00
18:51:58,8.00 ,27.00
18:52:00,8.00 ,27.00
18:52:02,8.00 ,27.00
18:52:04,8.00 ,27.00
18:52:06,8.00 ,27.00
18:52:08,8.00 ,27.00
18:52:10,8.00 ,27.00
18:52:12,8.00 ,27.00
18:52:14,8.00 ,27.00
18:52:16,8.00 ,27.00
18:52:18,8.00 ,27.00
18:52:21,8.00 ,27.00
18:52:23,8.00 ,27.00
18:52:25,8.00 ,27.00
18:52:27,8.00 ,27.00
18:52:29,8.00 ,27.00
18:52:31,8.00 ,27.00
18:52:33,8.00 ,27.00
18:52:35,8.00 ,27.00
18:52:37,8.00 ,27.00
18:52:39,8.00 ,27.00
18:52:41,8.00 ,27.00
18:52:43,8.00 ,27.00
18:52:45,8.00 ,27.00
18:52:47,8.00 ,27.00
18:52:49,8.00 ,27.00
18:52:51,8.00 ,27.00
18:52:53,8.00 ,27.00
18:52:55,8.00 ,27.00
18:52:57,8.00 ,27.00
18:52:59,8.00 ,27.00
18:53:01,8.00 ,27.00
18:53:03,8.00 ,27.00
18:53:05,8.00 ,27.00
18:53:07,8.00 ,27.00
18:53:10,8.00 ,27.00
18:53:12,8.00 ,27.00
18:53:14,8.00 ,27.00
18:53:16,8.00 ,27.00
18:53:18,8.00 ,27.00
18:53:20,8.00 ,27.00
18:53:22,8.00 ,27.00
18:53:24,8.00 ,27.00
18:53:26,8.00 ,27.00
18:53:28,8.00 ,27.00
18:53:30,8.00 ,27.00
18:53:32,8.00 ,27.00
18:53:34,8.00 ,27.00
18:53:36,8.00 ,27.00
18:53:38,8.00 ,27.00
18:53:40,8.00 ,27.00
18:53:42,8.00 ,27.00
18:53:44,8.00 ,27.00
18:53:46,8.00 ,27.00
18:53:48,8.00 ,27.00
18:53:50,8.00 ,27.00
18:53:52,8.00 ,27.00
18:53:54,8.00 ,27.00
18:53:56,8.00 ,27.00
18:53:59,8.00 ,27.00
18:54:01,8.00 ,27.00
18:54:03,8.00 ,27.00
18:54:05,8.00 ,27.00
18:54:07,8.00 ,27.00
18:54:09,8.00 ,27.00
18:54:11,8.00 ,27.00
18:54:13,8.00 ,27.00
18:54:15,8.00 ,27.00
18:54:17,8.00 ,27.00
18:54:19,8.00 ,27.00
18:54:21,8.00 ,27.00
18:54:23,8.00 ,27.00
18:54:25,8.00 ,27.00
18:54:27,8.00 ,27.00
18:54:29,8.00 ,27.00
18:54:31,8.00 ,27.00
18:54:33,8.00 ,27.00
18:54:35,8.00 ,27.00
18:54:37,8.00 ,27.00
18:54:39,8.00 ,27.00
18:54:41,8.00 ,27.00
18:54:43,8.00 ,27.00
18:54:45,8.00 ,27.00
18:54:48,8.00 ,27.00
18:54:50,8.00 ,27.00
18:54:52,8.00 ,27.00
18:54:54,8.00 ,27.00
18:54:56,8.00 ,27.00
18:54:58,8.00 ,27.00
18:55:00,8.00 ,27.00
18:55:02,8.00 ,27.00
18:55:04,8.00 ,27.00
18:55:06,8.00 ,27.00
18:55:08,8.00 ,27.00
18:55:10,8.00 ,27.00
18:55:12,8.00 ,27.00
18:55:14,8.00 ,27.00
18:55:16,8.00 ,27.00
18:55:18,8.00 ,27.00
18:55:20,8.00 ,27.00
18:55:22,8.00 ,27.00
18:55:24,8.00 ,27.00
18:55:26,8.00 ,27.00
18:55:28,8.00 ,27.00
18:55:30,8.00 ,27.00
18:55:32,8.00 ,27.00
18:55:34,8.00 ,27.00
18:55:37,8.00 ,27.00
18:55:39,8.00 ,27.00
18:55:41,8.00 ,27.00
18:55:43,8.00 ,27.00
18:55:45,8.00 ,27.00
18:55:47,8.00 ,27.00
18:55:49,8.00 ,27.00
18:55:51,8.00 ,27.00
18:55:53,8.00 ,27.00
18:55:55,8.00 ,27.00
18:55:57,8.00 ,27.00
18:55:59,8.00 ,27.00
18:56:01,8.00 ,27.00
18:56:03,8.00 ,27.00
18:56:05,8.00 ,27.00
18:56:07,8.00 ,27.00
18:56:09,8.00 ,27.00
18:56:11,8.00 ,27.00
18:56:13,8.00 ,27.00
18:56:15,8.00 ,27.00
18:56:17,8.00 ,27.00
18:56:19,8.00 ,27.00
18:56:21,8.00 ,27.00
18:56:23,8.00 ,27.00
18:56:26,8.00 ,27.00
18:56:28,8.00 ,27.00
18:56:30,8.00 ,27.00
18:56:32,8.00 ,27.00
18:56:34,8.00 ,27.00
18:56:36,8.00 ,27.00
18:56:38,8.00 ,27.00
18:56:40,8.00 ,27.00
18:56:42,8.00 ,27.00
18:56:44,8.00 ,27.00
18:56:46,8.00 ,27.00
18:56:48,8.00 ,27.00
18:56:50,8.00 ,27.00
18:56:52,8.00 ,27.00
18:56:54,8.00 ,27.00
18:56:56,8.00 ,27.00
18:56:58,8.00 ,27.00
18:57:00,8.00 ,27.00
18:57:02,8.00 ,27.00
18:57:04,8.00 ,27.00
18:57:06,8.00 ,27.00
18:57:08,8.00 ,27.00
18:57:10,8.00 ,27.00
18:57:12,8.00 ,27.00
18:57:15,8.00 ,27.00
18:57:17,8.00 ,27.00
18:57:19,8.00 ,27.00
18:57:21,8.00 ,27.00
18:57:23,8.00 ,27.00
18:57:25,8.00 ,27.00
18:57:27,8.00 ,27.00
18:57:29,8.00 ,27.00
18:57:31,8.00 ,27.00
18:57:33,8.00 ,27.00
18:57:35,8.00 ,27.00
18:57:37,8.00 ,27.00
18:57:39,8.00 ,27.00
18:57:41,8.00 ,27.00
18:57:43,8.00 ,27.00
18:57:45,8.00 ,27.00
18:57:47,8.00 ,27.00
18:57:49,8.00 ,27.00
18:57:51,8.00 ,27.00
18:57:53,8.00 ,27.00
18:57:55,8.00 ,27.00
18:57:57,8.00 ,27.00
18:57:59,8.00 ,27.00
18:58:01,8.00 ,27.00
18:58:04,8.00 ,27.00
18:58:06,8.00 ,27.00
18:58:08,8.00 ,27.00
18:58:10,8.00 ,27.00
18:58:12,8.00 ,27.00
18:58:14,8.00 ,27.00
18:58:16,8.00 ,27.00
18:58:18,8.00 ,27.00
18:58:20,8.00 ,27.00
18:58:22,8.00 ,27.00
18:58:24,8.00 ,27.00
18:58:26,8.00 ,27.00
18:58:28,8.00 ,27.00
18:58:30,8.00 ,27.00
18:58:32,8.00 ,27.00
18:58:34,8.00 ,27.00
18:58:36,8.00 ,27.00
18:58:38,8.00 ,27.00
18:58:40,8.00 ,27.00
18:58:42,8.00 ,27.00
18:58:44,8.00 ,27.00
18:58:46,8.00 ,27.00
18:58:48,8.00 ,27.00
18:58:50,8.00 ,27.00
18:58:53,8.00 ,27.00
18:58:55,8.00 ,27.00
18:58:57,8.00 ,27.00
18:58:59,8.00 ,27.00
18:59:01,8.00 ,27.00
18:59:03,8.00 ,27.00
18:59:05,8.00 ,27.00
18:59:07,8.00 ,27.00
18:59:09,8.00 ,27.00
18:59:11,8.00 ,27.00
18:59:13,8.00 ,27.00
18:59:15,8.00 ,27.00
18:59:17,8.00 ,27.00
18:59:19,8.00 ,27.00
18:59:21,8.00 ,27.00
18:59:23,8.00 ,27.00
18:59:25,8.00 ,27.00
18:59:27,8.00 ,27.00
18:59:29,8.00 ,27.00
18:59:31,8.00 ,27.00
18:59:33,8.00 ,27.00
18:59:35,8.00 ,27.00
18:59:37,8.00 ,27.00
18:59:39,8.00 ,27.00
18:59:42,8.00 ,27.00
18:59:44,8.00 ,27.00
18:59:46,8.00 ,27.00
18:59:48,8.00 ,27.00
18:59:50,8.00 ,27.00
18:59:52,8.00 ,27.00
18:59:54,8.00 ,27.00
18:59:56,8.00 ,27.00
18:59:58,8.00 ,27.00
19:00:00,8.00 ,27.00
19:00:02,8.00 ,27.00
19:00:04,8.00 ,27.00
19:00:06,8.00 ,27.00
19:00:08,8.00 ,27.00
19:00:10,8.00 ,27.00
19:00:12,8.00 ,27.00
19:00:14,8.00 ,27.00
19:00:16,8.00 ,27.00
19:00:18,8.00 ,27.00
19:00:20,8.00 ,27.00
19:00:22,8.00 ,27.00
19:00:24,8.00 ,27.00
19:00:26,8.00 ,27.00
19:00:28,8.00 ,27.00
19:00:31,8.00 ,27.00
19:00:33,8.00 ,27.00
19:00:35,8.00 ,27.00
19:00:37,8.00 ,27.00
19:00:39,8.00 ,27.00
19:00:41,8.00 ,27.00
19:00:43,8.00 ,27.00
19:00:45,8.00 ,27.00
19:00:47,8.00 ,27.00
19:00:49,8.00 ,27.00
19:00:51,8.00 ,27.00
19:00:53,8.00 ,27.00
19:00:55,8.00 ,27.00
19:00:57,8.00 ,27.00
19:00:59,8.00 ,27.00
19:01:01,8.00 ,27.00
19:01:03,8.00 ,27.00
19:01:05,8.00 ,27.00
19:01:07,8.00 ,27.00
19:01:09,8.00 ,27.00
19:01:11,8.00 ,27.00
19:01:13,8.00 ,27.00
19:01:15,8.00 ,27.00
19:01:18,8.00 ,27.00
19:01:20,8.00 ,27.00
19:01:22,8.00 ,27.00
19:01:24,8.00 ,27.00
19:01:26,8.00 ,27.00
19:01:28,8.00 ,27.00
19:01:30,8.00 ,27.00
19:01:32,8.00 ,27.00
19:01:34,8.00 ,27.00
19:01:36,8.00 ,27.00
19:01:38,8.00 ,27.00
19:01:40,8.00 ,27.00
19:01:42,8.00 ,27.00
19:01:44,8.00 ,27.00
19:01:46,8.00 ,27.00
19:01:48,8.00 ,27.00
19:01:50,8.00 ,27.00
19:01:52,8.00 ,27.00
19:01:54,8.00 ,27.00
19:01:56,8.00 ,27.00
19:01:58,8.00 ,27.00
19:02:00,8.00 ,27.00
19:02:02,8.00 ,27.00
19:02:04,8.00 ,27.00
19:02:07,8.00 ,27.00
19:02:09,8.00 ,27.00
19:02:11,8.00 ,27.00
19:02:13,8.00 ,27.00
19:02:15,8.00 ,27.00
19:02:17,8.00 ,27.00
19:02:19,8.00 ,27.00
19:02:21,8.00 ,27.00
19:02:23,8.00 ,27.00
19:02:25,8.00 ,27.00
19:02:27,8.00 ,27.00
19:02:29,8.00 ,27.00
19:02:31,8.00 ,27.00
19:02:33,8.00 ,27.00
19:02:35,8.00 ,27.00
19:02:37,8.00 ,27.00
19:02:39,8.00 ,27.00
19:02:41,8.00 ,27.00
19:02:43,8.00 ,27.00
19:02:45,8.00 ,27.00
19:02:47,8.00 ,27.00
19:02:49,8.00 ,27.00
19:02:51,8.00 ,27.00
19:02:53,8.00 ,27.00
19:02:56,8.00 ,27.00
19:02:58,8.00 ,27.00
19:03:00,8.00 ,27.00
19:03:02,8.00 ,27.00
19:03:04,8.00 ,27.00
19:03:06,8.00 ,27.00
19:03:08,8.00 ,27.00
19:03:10,7.00 ,27.00
19:03:12,8.00 ,27.00
19:03:14,8.00 ,27.00
19:03:16,8.00 ,27.00
19:03:18,8.00 ,27.00
19:03:20,8.00 ,27.00
19:03:22,7.00 ,27.00
19:03:24,8.00 ,27.00
19:03:26,8.00 ,27.00
19:03:28,8.00 ,27.00
19:03:30,8.00 ,27.00
19:03:32,8.00 ,27.00
19:03:34,8.00 ,27.00
19:03:36,8.00 ,27.00
19:03:38,8.00 ,27.00
19:03:40,8.00 ,27.00
19:03:42,7.00 ,27.00
19:03:45,8.00 ,27.00
19:03:47,8.00 ,27.00
19:03:49,8.00 ,27.00
19:03:51,8.00 ,27.00
19:03:53,8.00 ,27.00
19:03:55,8.00 ,27.00
19:03:57,8.00 ,27.00
19:03:59,8.00 ,27.00
19:04:01,8.00 ,27.00
19:04:03,8.00 ,27.00
19:04:05,8.00 ,27.00
19:04:07,8.00 ,27.00
19:04:09,8.00 ,27.00
19:04:11,8.00 ,27.00
19:04:13,8.00 ,27.00
19:04:15,8.00 ,27.00
19:04:17,8.00 ,27.00
19:04:19,8.00 ,27.00
19:04:21,8.00 ,27.00
19:04:23,8.00 ,27.00
19:04:25,7.00 ,27.00
19:04:27,7.00 ,27.00
19:04:29,8.00 ,27.00
19:04:31,7.00 ,27.00
19:04:34,8.00 ,27.00
19:04:36,8.00 ,27.00
19:04:38,8.00 ,27.00
19:04:40,8.00 ,27.00
19:04:42,8.00 ,27.00
19:04:44,8.00 ,27.00
19:04:46,8.00 ,27.00
19:04:48,7.00 ,27.00
19:04:50,8.00 ,27.00
19:04:52,7.00 ,27.00
19:04:54,8.00 ,27.00
19:04:56,8.00 ,27.00
19:04:58,7.00 ,27.00
19:05:00,8.00 ,27.00
19:05:02,8.00 ,27.00
19:05:04,8.00 ,27.00
19:05:06,8.00 ,27.00
19:05:08,8.00 ,27.00
19:05:10,7.00 ,27.00
19:05:12,8.00 ,27.00
19:05:14,8.00 ,27.00
19:05:16,8.00 ,27.00
19:05:18,8.00 ,27.00
19:05:20,7.00 ,27.00
19:05:23,8.00 ,27.00
19:05:25,7.00 ,27.00
19:05:27,7.00 ,27.00
19:05:29,7.00 ,27.00
19:05:31,7.00 ,27.00
19:05:33,8.00 ,27.00
19:05:35,8.00 ,27.00
19:05:37,7.00 ,27.00
19:05:39,8.00 ,27.00
19:05:41,8.00 ,27.00
19:05:43,8.00 ,27.00
19:05:45,8.00 ,27.00
19:05:47,8.00 ,27.00
19:05:49,8.00 ,27.00
19:05:51,8.00 ,27.00
19:05:53,8.00 ,27.00
19:05:55,8.00 ,27.00
19:05:57,8.00 ,27.00
19:05:59,8.00 ,27.00
19:06:01,8.00 ,27.00
19:06:03,8.00 ,27.00
19:06:05,7.00 ,27.00
19:06:07,7.00 ,27.00
19:06:09,8.00 ,27.00
19:06:12,8.00 ,27.00
19:06:14,8.00 ,27.00
19:06:16,7.00 ,27.00
19:06:18,7.00 ,27.00
19:06:20,8.00 ,27.00
19:19:57,7.00 ,27.00
19:19:59,7.00 ,27.00
19:20:01,7.00 ,27.00
19:20:04,7.00 ,27.00
19:20:06,7.00 ,27.00
19:20:08,7.00 ,27.00
19:20:10,7.00 ,27.00
19:20:12,7.00 ,27.00
19:20:14,7.00 ,27.00
19:20:16,7.00 ,27.00
19:20:18,7.00 ,27.00
19:20:20,7.00 ,27.00
19:20:22,7.00 ,27.00
19:20:24,7.00 ,27.00
19:20:26,7.00 ,27.00
19:20:28,7.00 ,27.00
19:20:30,7.00 ,27.00
19:20:32,7.00 ,27.00
19:20:34,7.00 ,27.00
19:20:36,7.00 ,27.00
19:20:38,7.00 ,27.00
19:20:40,7.00 ,27.00
19:20:42,7.00 ,27.00
19:20:44,7.00 ,27.00
19:20:46,7.00 ,27.00
19:20:48,7.00 ,27.00
19:20:50,7.00 ,27.00
19:20:53,7.00 ,27.00
19:20:55,7.00 ,27.00
19:20:57,7.00 ,27.00
19:20:59,7.00 ,27.00
19:21:01,7.00 ,27.00
19:21:03,7.00 ,27.00
19:21:05,7.00 ,27.00
19:21:07,7.00 ,27.00
19:21:09,7.00 ,27.00
19:21:11,7.00 ,27.00
19:21:13,7.00 ,27.00
19:21:15,7.00 ,27.00
19:21:17,7.00 ,27.00
19:21:19,7.00 ,27.00
19:21:21,7.00 ,27.00
19:21:23,7.00 ,27.00
19:21:25,7.00 ,27.00
19:21:27,7.00 ,27.00
19:21:29,7.00 ,27.00
19:21:31,7.00 ,27.00
19:21:33,7.00 ,27.00
19:21:35,7.00 ,27.00
19:21:37,7.00 ,27.00
19:21:39,7.00 ,27.00
19:21:42,7.00 ,27.00
19:21:44,7.00 ,27.00
19:21:46,7.00 ,27.00
19:21:48,7.00 ,27.00
19:21:50,7.00 ,27.00
19:21:52,7.00 ,27.00
19:21:54,7.00 ,27.00
19:21:56,7.00 ,27.00
19:21:58,7.00 ,27.00
19:22:00,7.00 ,27.00
19:22:02,7.00 ,27.00
19:22:04,7.00 ,27.00
19:22:06,7.00 ,27.00
19:22:08,7.00 ,27.00
19:22:10,7.00 ,27.00
19:22:12,7.00 ,27.00
19:22:14,7.00 ,27.00
19:22:16,7.00 ,27.00
19:22:18,7.00 ,27.00
19:22:20,7.00 ,27.00
19:22:22,7.00 ,27.00
19:22:24,7.00 ,27.00
19:22:26,7.00 ,27.00
19:22:28,7.00 ,27.00
19:22:31,7.00 ,27.00
19:22:33,7.00 ,27.00
19:22:35,7.00 ,27.00
19:22:37,7.00 ,27.00
19:22:39,7.00 ,27.00
19:22:41,7.00 ,27.00
19:22:43,7.00 ,27.00
19:22:45,7.00 ,27.00
19:22:47,7.00 ,27.00
19:22:49,7.00 ,27.00
19:22:51,7.00 ,27.00
19:22:53,7.00 ,27.00
19:22:55,7.00 ,27.00
19:22:57,7.00 ,27.00
19:22:59,7.00 ,27.00
19:23:01,7.00 ,27.00
19:23:03,7.00 ,27.00
19:23:05,7.00 ,27.00
19:23:07,7.00 ,27.00
19:23:09,7.00 ,27.00
19:23:11,7.00 ,27.00
19:23:13,7.00 ,27.00
19:23:15,7.00 ,27.00
19:23:17,7.00 ,27.00
19:23:20,7.00 ,27.00
19:23:22,7.00 ,27.00
19:23:24,7.00 ,27.00
19:23:26,7.00 ,27.00
19:23:28,7.00 ,27.00
19:23:30,7.00 ,27.00
19:23:32,7.00 ,27.00
19:23:34,7.00 ,27.00
19:23:36,7.00 ,27.00
19:23:38,7.00 ,27.00
19:23:40,7.00 ,27.00
19:23:42,7.00 ,27.00
19:23:44,7.00 ,27.00
19:23:46,7.00 ,27.00
19:23:48,7.00 ,27.00
19:23:50,7.00 ,27.00
19:23:52,7.00 ,27.00
19:23:54,7.00 ,27.00
19:23:56,7.00 ,27.00
19:23:58,7.00 ,27.00
19:24:00,7.00 ,27.00
19:24:02,7.00 ,27.00
19:24:04,7.00 ,27.00
19:24:06,7.00 ,27.00
19:24:09,7.00 ,27.00
19:24:11,7.00 ,27.00
19:24:13,7.00 ,27.00
19:24:15,7.00 ,27.00
19:24:17,7.00 ,27.00
19:24:19,7.00 ,27.00
19:24:21,7.00 ,27.00
19:24:23,7.00 ,27.00
19:24:25,7.00 ,27.00
19:24:27,7.00 ,27.00
19:24:29,7.00 ,27.00
19:24:31,7.00 ,27.00
19:24:33,7.00 ,27.00
19:24:35,7.00 ,27.00
19:24:37,7.00 ,27.00
19:24:39,7.00 ,27.00
19:24:41,7.00 ,27.00
19:24:43,7.00 ,27.00
19:24:45,7.00 ,27.00
19:24:47,7.00 ,27.00
19:24:49,7.00 ,27.00
19:24:51,7.00 ,27.00
19:24:53,7.00 ,27.00
19:24:55,7.00 ,27.00
19:24:58,7.00 ,27.00
19:25:00,7.00 ,27.00
19:25:02,7.00 ,27.00
19:25:04,7.00 ,27.00
19:25:06,7.00 ,27.00
19:25:08,7.00 ,27.00
19:25:10,7.00 ,27.00
19:25:12,7.00 ,27.00
19:25:14,7.00 ,27.00
19:25:16,7.00 ,27.00
19:25:18,7.00 ,27.00
19:25:20,7.00 ,27.00
19:25:22,7.00 ,27.00
19:25:24,7.00 ,27.00
19:25:26,7.00 ,27.00
19:25:28,7.00 ,27.00
19:25:30,7.00 ,27.00
19:25:32,7.00 ,27.00
19:25:34,7.00 ,27.00
19:25:36,7.00 ,27.00
19:25:38,7.00 ,27.00
19:25:40,7.00 ,27.00
19:25:42,7.00 ,27.00
19:25:44,7.00 ,27.00
19:25:47,7.00 ,27.00
19:25:49,7.00 ,27.00
19:25:51,7.00 ,27.00
19:25:53,7.00 ,27.00
19:25:55,7.00 ,27.00
19:25:57,7.00 ,27.00
19:25:59,7.00 ,27.00
19:26:01,7.00 ,27.00
19:26:03,7.00 ,27.00
19:26:05,7.00 ,27.00
19:26:07,7.00 ,27.00
19:26:09,7.00 ,27.00
19:26:11,7.00 ,27.00
19:26:13,7.00 ,27.00
19:26:15,7.00 ,27.00
19:26:17,7.00 ,27.00
19:26:19,7.00 ,27.00
19:26:21,7.00 ,27.00
19:26:23,7.00 ,27.00
19:26:25,7.00 ,27.00
19:26:27,7.00 ,27.00
19:26:29,7.00 ,27.00
19:26:31,7.00 ,27.00
19:26:33,7.00 ,27.00
19:26:36,7.00 ,27.00
19:26:38,7.00 ,27.00
19:26:40,7.00 ,27.00
19:26:42,7.00 ,27.00
19:26:44,7.00 ,27.00
19:26:46,7.00 ,27.00
19:26:48,7.00 ,27.00
19:26:50,7.00 ,27.00
19:26:52,7.00 ,27.00
19:26:54,7.00 ,27.00
19:26:56,7.00 ,27.00
19:26:58,7.00 ,27.00
19:27:00,7.00 ,27.00
19:27:02,7.00 ,27.00
19:27:04,7.00 ,27.00
19:27:06,7.00 ,27.00
19:27:08,7.00 ,27.00
19:27:10,7.00 ,27.00
19:27:12,7.00 ,27.00
19:27:14,7.00 ,27.00
19:27:16,7.00 ,27.00
19:27:18,7.00 ,27.00
19:27:20,7.00 ,27.00
19:27:22,7.00 ,27.00
19:27:25,7.00 ,27.00
19:27:27,7.00 ,27.00
19:27:29,7.00 ,27.00
19:27:31,7.00 ,27.00
19:27:33,7.00 ,27.00
19:27:35,7.00 ,27.00
19:27:37,7.00 ,27.00
19:27:39,7.00 ,27.00
19:27:41,7.00 ,27.00
19:27:43,7.00 ,27.00
19:27:45,7.00 ,27.00
19:27:47,7.00 ,27.00
19:27:49,7.00 ,27.00
19:27:51,7.00 ,27.00
19:27:53,7.00 ,27.00
19:27:55,7.00 ,27.00
19:27:57,7.00 ,27.00
19:27:59,7.00 ,27.00
19:28:01,7.00 ,27.00
19:28:03,7.00 ,27.00
19:28:05,7.00 ,27.00
19:28:07,7.00 ,27.00
19:28:09,7.00 ,27.00
19:28:12,7.00 ,27.00
19:28:14,7.00 ,27.00
19:28:16,7.00 ,27.00
19:28:18,7.00 ,27.00
19:28:20,7.00 ,27.00
19:28:22,7.00 ,27.00
19:28:24,7.00 ,27.00
19:28:26,7.00 ,27.00
19:28:28,7.00 ,27.00
19:28:30,7.00 ,27.00
19:28:32,7.00 ,27.00
19:28:34,7.00 ,27.00
19:28:36,7.00 ,27.00
19:28:38,7.00 ,27.00
19:28:40,7.00 ,27.00
19:28:42,7.00 ,27.00
19:28:44,7.00 ,27.00
19:28:46,7.00 ,27.00
19:28:48,7.00 ,27.00
19:28:50,7.00 ,27.00
19:28:52,7.00 ,27.00
19:28:54,7.00 ,27.00
19:28:56,7.00 ,27.00
19:28:58,7.00 ,27.00
19:29:01,7.00 ,27.00
19:29:03,7.00 ,27.00
19:29:05,7.00 ,27.00
19:29:07,7.00 ,27.00
19:29:09,7.00 ,27.00
19:29:11,7.00 ,27.00
19:29:13,7.00 ,27.00
19:29:15,7.00 ,27.00
19:29:17,7.00 ,27.00
19:29:19,7.00 ,27.00
19:29:21,7.00 ,27.00
19:29:23,7.00 ,27.00
19:29:25,7.00 ,27.00
19:29:27,7.00 ,27.00
19:29:29,7.00 ,27.00
19:29:31,7.00 ,27.00
19:29:33,7.00 ,27.00
19:29:35,7.00 ,27.00
19:29:37,7.00 ,27.00
19:29:39,7.00 ,27.00
19:29:41,7.00 ,27.00
19:29:43,7.00 ,27.00
19:29:45,7.00 ,27.00
19:29:47,7.00 ,27.00
19:29:50,7.00 ,27.00
19:29:52,7.00 ,27.00
19:29:54,7.00 ,27.00
19:29:56,7.00 ,27.00
